{"cameraMode":{"drawMode":0,"name":"Shaded","section":"Shading Mode"},"sceneLighting":false,"audioPlay":false,"sceneViewState":{"m_AlwaysRefresh":false,"showFog":true,"showSkybox":false,"showFlares":true,"showImageEffects":true,"showParticleSystems":true,"showVisualEffectGraphs":true,"m_FxEnabled":false},"in2DMode":false,"pivot":{"x":450.0096740722656,"y":208.5100555419922,"z":10.92165470123291},"rotation":{"x":-0.0014999945415183902,"y":0.00299983867444098,"z":0.000004401975729706464,"w":0.9999963045120239},"size":0.791562557220459,"orthographic":true}