{"cameraMode":{"drawMode":0,"name":"Shaded","section":"Shading Mode"},"sceneLighting":false,"audioPlay":false,"sceneViewState":{"m_AlwaysRefresh":false,"showFog":true,"showSkybox":false,"showFlares":true,"showImageEffects":true,"showParticleSystems":true,"showVisualEffectGraphs":true,"m_FxEnabled":true},"in2DMode":false,"pivot":{"x":-19.020000457763673,"y":0.5800000429153442,"z":-0.048864006996154788},"rotation":{"x":-0.06232774257659912,"y":0.03233953192830086,"z":-0.0020371347200125458,"w":-0.9975852370262146},"size":1.320189118385315,"orthographic":true}